OLD SITE - 

Redirect 301 /blog/Rick /bio
Redirect 301 /sitemap/sitemap.html /sitemap
Redirect 301 /about/rick-cogley-info-colophon.html /about
Redirect 301 /contact/rick-cogley-contact-form.php /contact
Redirect 301 /contact/rick-cogley-feedback.php /contact
Redirect 301 /topics.php /goodies/topics/
Redirect 301 /goodies/glossary/rick_cogley_glossary_index.html /goodies/glossary
Redirect 301 /blogcogley/2003/11/27th_lancers_dr.html /blog
Redirect 301 /blogcogley/2003/11/what_makes_a_go.html /blog
Redirect 301 /blogcogley/2003/12/tie_dyeing_extr.html /blog
Redirect 301 /blogcogley/2004/12/hell.html /blog
Redirect 301 /eblog/ /blog
Redirect 301 /snapjapan/feeds/posts/default http://feeds.feedburner.com/RickCogleyRssFeeds?format=xml
Redirect 301 /snapjapan/feeds/posts/default?orderby=published http://feeds.feedburner.com/RickCogleyRssFeeds?format=xml
Redirect 301 /topics_files/archive-nov-2008.php /goodies/topics/index_files/archive-nov-2008.php

NEW SITE - 

(don't forget error pg)

Redirect 301 /blog/index.php?id=8835418616432697593 /articles/2012/12/24/assign-elastic-ip-fixed-public-ip-to-your-amazon-ec2/




